Workbook

Sheet Inputs
A1: Decision Matrix Calculator
A2: Multi-Criteria Decision Analysis Under Uncertainty
A4: How to use this workbook
A5: Edit only the yellow cells below: the payoff matrix, the probabilities, and the Hurwicz coefficient. Everything else recalculates automatically. To add an alternative or a state, insert a row/column in the same style and extend the formulas on the Calculations and Results sheets.
B7: Editable input | D7: Auto-calculated (do not edit)
A9: Payoff Matrix
A10: Alternative | B10: State 1 | C10: State 2 | D10: State 3
A11: Probability | B11: 0.3 | C11: 0.5 | D11: 0.2
A12: A | B12: 10 | C12: 5 | D12: -2
A13: B | B13: 7 | C13: 6 | D13: 4
A14: C | B14: 3 | C14: 8 | D14: 9
A15: Probability check (should equal 100%) | B15: =SUM(B11:D11) -> 1
A17: Decision Parameter
A18: Hurwicz optimism coefficient (α) | B18: 0.6 | C18: 0 = fully pessimistic → 1 = fully optimistic

Sheet Calculations
A1: Calculations
A2: All scores are derived automatically from the Inputs sheet
A4: Per-Alternative Criterion Scores
A5: Alternative | B5: Maximax (Best Case) | C5: Maximin (Worst Case) | D5: Laplace (Average) | E5: Hurwicz Score | F5: Expected Value
A6: =Inputs!A12 -> A | B6: =MAX(Inputs!B12:D12) -> 10 | C6: =MIN(Inputs!B12:D12) -> -2 | D6: =AVERAGE(Inputs!B12:D12) -> 4.3333333 | E6: =Inputs!$B$18*B6+(1-Inputs!$B$18)*C6 -> 5.2 | F6: =SUMPRODUCT(Inputs!$B$11:$D$11,Inputs!B12:D12) -> 5.1
A7: =Inputs!A13 -> B | B7: =MAX(Inputs!B13:D13) -> 7 | C7: =MIN(Inputs!B13:D13) -> 4 | D7: =AVERAGE(Inputs!B13:D13) -> 5.6666667 | E7: =Inputs!$B$18*B7+(1-Inputs!$B$18)*C7 -> 5.8 | F7: =SUMPRODUCT(Inputs!$B$11:$D$11,Inputs!B13:D13) -> 5.9
A8: =Inputs!A14 -> C | B8: =MAX(Inputs!B14:D14) -> 9 | C8: =MIN(Inputs!B14:D14) -> 3 | D8: =AVERAGE(Inputs!B14:D14) -> 6.6666667 | E8: =Inputs!$B$18*B8+(1-Inputs!$B$18)*C8 -> 6.6 | F8: =SUMPRODUCT(Inputs!$B$11:$D$11,Inputs!B14:D14) -> 6.7
A10: Best Payoff per State (used for Regret)
B11: State 1 | C11: State 2 | D11: State 3
A12: Best payoff | B12: =MAX(Inputs!B12:B14) -> 10 | C12: =MAX(Inputs!C12:C14) -> 8 | D12: =MAX(Inputs!D12:D14) -> 9
A14: Regret Matrix (Opportunity Loss)
A15: Alternative | B15: State 1 | C15: State 2 | D15: State 3 | E15: Max Regret
A16: =Inputs!A12 -> A | B16: =$B$12-Inputs!B12 -> 0 | C16: =$C$12-Inputs!C12 -> 3 | D16: =$D$12-Inputs!D12 -> 11 | E16: =MAX(B16:D16) -> 11
A17: =Inputs!A13 -> B | B17: =$B$12-Inputs!B13 -> 3 | C17: =$C$12-Inputs!C13 -> 2 | D17: =$D$12-Inputs!D13 -> 5 | E17: =MAX(B17:D17) -> 5
A18: =Inputs!A14 -> C | B18: =$B$12-Inputs!B14 -> 7 | C18: =$C$12-Inputs!C14 -> 0 | D18: =$D$12-Inputs!D14 -> 0 | E18: =MAX(B18:D18) -> 7

Sheet Results
A1: Results & Recommendations
A2: The best alternative under each decision criterion
A4: Recommendation by Criterion
A5: Criterion | B5: Best Alternative | C5: Score | D5: Explanation
A6: Maximax | B6: =INDEX(Inputs!$A$12:$A$14, MATCH(MAX(Calculations!$B$6:$B$8), Calculations!$B$6:$B$8, 0)) -> A | C6: =MAX(Calculations!$B$6:$B$8) -> 10 | D6: ="According to the Maximax criterion, " & B6 & " is chosen because it offers the highest possible payoff of " & ROUND(C6,2) & "." -> According to the Maximax criterion, A is chosen because it offers the highest possible payoff of 10.
A7: Maximin | B7: =INDEX(Inputs!$A$12:$A$14, MATCH(MAX(Calculations!$C$6:$C$8), Calculations!$C$6:$C$8, 0)) -> B | C7: =MAX(Calculations!$C$6:$C$8) -> 4 | D7: ="According to the Maximin criterion, " & B7 & " is chosen because it secures the best worst-case payoff of " & ROUND(C7,2) & "." -> According to the Maximin criterion, B is chosen because it secures the best worst-case payoff of 4.
A8: Minimax Regret | B8: =INDEX(Inputs!$A$12:$A$14, MATCH(MIN(Calculations!$E$16:$E$18), Calculations!$E$16:$E$18, 0)) -> B | C8: =MIN(Calculations!$E$16:$E$18) -> 5 | D8: ="According to the Minimax Regret criterion, " & B8 & " is chosen because it minimizes the maximum possible regret to " & ROUND(C8,2) & "." -> According to the Minimax Regret criterion, B is chosen because it minimizes the maximum possible regret to 5.
A9: Laplace | B9: =INDEX(Inputs!$A$12:$A$14, MATCH(MAX(Calculations!$D$6:$D$8), Calculations!$D$6:$D$8, 0)) -> C | C9: =MAX(Calculations!$D$6:$D$8) -> 6.6666667 | D9: ="According to the Laplace criterion, " & B9 & " is chosen because it has the highest average payoff of " & ROUND(C9,2) & "." -> According to the Laplace criterion, C is chosen because it has the highest average payoff of 6,67.
A10: Hurwicz | B10: =INDEX(Inputs!$A$12:$A$14, MATCH(MAX(Calculations!$E$6:$E$8), Calculations!$E$6:$E$8, 0)) -> C | C10: =MAX(Calculations!$E$6:$E$8) -> 6.6 | D10: ="According to the Hurwicz criterion, " & B10 & " is chosen because it balances optimism and pessimism with a weighted score of " & ROUND(C10,2) & " (α=" & Inputs!$B$18 & ")" & "." -> According to the Hurwicz criterion, C is chosen because it balances optimism and pessimism with a weighted score of 6,6 (α=0,6).
A11: Expected Value | B11: =INDEX(Inputs!$A$12:$A$14, MATCH(MAX(Calculations!$F$6:$F$8), Calculations!$F$6:$F$8, 0)) -> C | C11: =MAX(Calculations!$F$6:$F$8) -> 6.7 | D11: ="According to the Expected Value criterion, " & B11 & " is chosen because it maximizes the expected payoff of " & ROUND(C11,2) & "." -> According to the Expected Value criterion, C is chosen because it maximizes the expected payoff of 6,7.
A13: Overall Recommendation (Votes Across Criteria)
A14: Alternative | B14: Times Recommended
A15: =Inputs!A12 -> A | B15: =COUNTIF($B$6:$B$11,A15) -> 1
A16: =Inputs!A13 -> B | B16: =COUNTIF($B$6:$B$11,A16) -> 2
A17: =Inputs!A14 -> C | B17: =COUNTIF($B$6:$B$11,A17) -> 3
A18: Most recommended alternative: | B18: =INDEX(A15:A17, MATCH(MAX(B15:B17), B15:B17, 0)) -> C
A20: Criterion Score Comparison
A21: Alternative | B21: Maximax | C21: Maximin | D21: Laplace | E21: Hurwicz | F21: Expected Value
A22: =Calculations!A6 -> A | B22: =Calculations!B6 -> 10 | C22: =Calculations!C6 -> -2 | D22: =Calculations!D6 -> 4.3333333 | E22: =Calculations!E6 -> 5.2 | F22: =Calculations!F6 -> 5.1
A23: =Calculations!A7 -> B | B23: =Calculations!B7 -> 7 | C23: =Calculations!C7 -> 4 | D23: =Calculations!D7 -> 5.6666667 | E23: =Calculations!E7 -> 5.8 | F23: =Calculations!F7 -> 5.9
A24: =Calculations!A8 -> C | B24: =Calculations!B8 -> 9 | C24: =Calculations!C8 -> 3 | D24: =Calculations!D8 -> 6.6666667 | E24: =Calculations!E8 -> 6.6 | F24: =Calculations!F8 -> 6.7
